web-scraper-order,web-scraper-start-url,month,about,headlines,sentiment,category
1720775606-1,https://www.thehindu.com/archive/web/2023/01/31/,Jan,Kerala,Kudumbashree workshop on broiler production today,positive,other
1720775606-2,https://www.thehindu.com/archive/web/2023/01/31/,Jan,Kerala,Suryakiran aerobatic display on Feb. 5,positive,other
1720775606-3,https://www.thehindu.com/archive/web/2023/01/31/,Jan,Kerala,NIPUN Bharat Mission: workshop begins for SSK’s district BRC personnel,positive,other
1720775606-4,https://www.thehindu.com/archive/web/2023/01/31/,Jan,Kerala,Youth sentenced to life imprisonment for murder,negative,criminal
1720775606-5,https://www.thehindu.com/archive/web/2023/01/31/,Jan,Other States,Privilege motion moved against Rajasthan BJP MLA for plea in High Court,negative,other
1720775606-6,https://www.thehindu.com/archive/web/2023/01/31/,Jan,Mangaluru,Nine more medicos granted bail in Mangaluru drug racket case,negative,other
1720775606-7,https://www.thehindu.com/archive/web/2023/01/31/,Jan,Bengaluru,Youth arrested for sexually assaulting and killing toddler,negative,criminal
1720775606-8,https://www.thehindu.com/archive/web/2023/01/31/,Jan,Kochi,Subash Park in Kochi gets its old charm back,positive,other
1720775606-9,https://www.thehindu.com/archive/web/2023/01/31/,Jan,Other States,"Kashmir’s prominent business family, Neudos, faces bulldozer during government drive against ‘encroachers’",negative,political
1720775606-10,https://www.thehindu.com/archive/web/2023/01/31/,Jan,India,Supreme Court to hear in March pleas challenging constitutionality of electoral bonds scheme,positive,other
1720775606-11,https://www.thehindu.com/archive/web/2023/01/31/,Jan,Bengaluru,Citizens gather to oppose widening of Sankey Road,negative,other
1720775606-12,https://www.thehindu.com/archive/web/2023/01/31/,Jan,Tamil Nadu,Lalitha Chandran of Bombay sisters dies at 84 in Chennai,negative,other
1720775606-13,https://www.thehindu.com/archive/web/2023/01/31/,Jan,India,Many local residents in south Kashmir showed up with Tricolours for Bharat Jodo Yatra,positive,other
1720775606-14,https://www.thehindu.com/archive/web/2023/01/31/,Jan,Economy,Self Help Groups can help in widening women’s labour force participation: Economic Survey 2022-23,positive,other
1720775606-15,https://www.thehindu.com/archive/web/2023/01/31/,Jan,Kerala,Frequent leopard sightings spark panic among Kottiyoor residents,negative,other
1720775606-16,https://www.thehindu.com/archive/web/2023/01/31/,Jan,Coimbatore,"Pharmacy owner in Coimbatore gets 10 years RI, ₹1.80 crore fine in investment scam",negative,business
1720775606-17,https://www.thehindu.com/archive/web/2023/01/31/,Jan,Karnataka,Kampli Utsav to be celebrated on February 12,positive,other
1720775606-18,https://www.thehindu.com/archive/web/2023/01/31/,Jan,Other States,CBI searches 50 locations in Himachal paper-leak cases,negative,other
1720775606-19,https://www.thehindu.com/archive/web/2023/01/31/,Jan,Karnataka,"BJP is a party with no leadership and clear direction in Karnataka, says Priyank Kharge",negative,other
1720775606-20,https://www.thehindu.com/archive/web/2023/01/31/,Jan,Telangana,"Utilities ready to meet load beyond 15,500 MW this season: Minister",positive,other
1720775606-21,https://www.thehindu.com/archive/web/2023/01/31/,Jan,Karnataka,"Priority to farmers in State Budget, says Karnataka Chief Minister Basavaraj Bommai",positive,other
1720775606-22,https://www.thehindu.com/archive/web/2023/01/31/,Jan,Karnataka,Equestrian statue of Basaveshwara shifted in late-night operation in Hubballi,negative,other
1720775606-23,https://www.thehindu.com/archive/web/2023/01/31/,Jan,Telangana,International Media Day celebrations held,positive,other
1720775606-24,https://www.thehindu.com/archive/web/2023/01/31/,Jan,Economy,₹1.56-lakh-crore GST mop-up in January second highest so far,negative,other
1720775606-25,https://www.thehindu.com/archive/web/2023/01/31/,Jan,Kerala,Project to familiarise students with heritage will be considered: Minister,positive,other
1720775606-26,https://www.thehindu.com/archive/web/2023/01/31/,Jan,India,"SC to hear separately pleas on electoral bonds, FCRA amendments, bringing parties under RTI",negative,other
1720775606-27,https://www.thehindu.com/archive/web/2023/01/31/,Jan,Telangana,Building collapse,negative,other
1720775606-28,https://www.thehindu.com/archive/web/2023/01/31/,Jan,India,Don’t take up Data Bill till House debates it: Centre,negative,political
1720775606-29,https://www.thehindu.com/archive/web/2023/01/31/,Jan,Environment,India needs global finance to achieve climate goals,negative,business
1720775606-30,https://www.thehindu.com/archive/web/2023/01/31/,Jan,Madurai,Jewellery shop owner murdered,negative,criminal
1720775606-31,https://www.thehindu.com/archive/web/2023/01/31/,Jan,Kerala,Govt. will intensify anti-rabies vaccination: Chinchurani,positive,other
1720775606-32,https://www.thehindu.com/archive/web/2023/01/31/,Jan,Coimbatore,Villupuram youth arrested for uploading morphed photos of woman on social media,negative,criminal
1720775606-33,https://www.thehindu.com/archive/web/2023/01/31/,Jan,Chennai,Youth hacked to death in Vinayagapuram near Puzhal,negative,other
1720775606-34,https://www.thehindu.com/archive/web/2023/01/31/,Jan,Tamil Nadu,"Seeman should stop making claims about those who are no more, says Congress floor leader K. Selvaperunthagai",negative,political
1720775606-35,https://www.thehindu.com/archive/web/2023/01/31/,Jan,Tamil Nadu,"Response to empty liquor bottle buyback scheme is over 90% in eight out of 10 districts, Tasmac tells HC",negative,other
1720775606-36,https://www.thehindu.com/archive/web/2023/01/31/,Jan,Economy,Explained | The funding and demand for MGNREGA,positive,other
1720775606-37,https://www.thehindu.com/archive/web/2023/01/31/,Jan,Other States,"14 dead, several injured in a major fire at a multi-storey building in Jharkhand’s Dhanbad",negative,other
1720775606-38,https://www.thehindu.com/archive/web/2023/01/31/,Jan,Andhra Pradesh,"MLA, Collector distribute prizes to winners in Amaravati Balotsav",positive,other
1720775606-39,https://www.thehindu.com/archive/web/2023/01/31/,Jan,Business,OCEN may democratise lending to small borrowers in India: Economic Survey,positive,other
1720775606-40,https://www.thehindu.com/archive/web/2023/01/31/,Jan,Kerala,Higher Education curriculum committee holds first meeting,positive,other
1720775609-41,https://www.thehindu.com/archive/web/2023/01/30/,Jan,Karnataka,WDO delegation holds discussion on design policy,positive,political
1720775609-42,https://www.thehindu.com/archive/web/2023/01/30/,Jan,India,Russia's Lavrov to participate in G-20 Foreign Ministers meeting in New Delhi on March 1-2,positive,other
1720775609-43,https://www.thehindu.com/archive/web/2023/01/30/,Jan,Chennai,T.N. DGP expresses displeasure over lethargic attitude of SP,negative,other
1720775609-44,https://www.thehindu.com/archive/web/2023/01/30/,Jan,India,"Pay PF, gratuity to ex-workmen, employees of Jet Airways, SC tells consortium",positive,other
1720775609-45,https://www.thehindu.com/archive/web/2023/01/30/,Jan,Tamil Nadu,"DMK panchayat president arrested for abusing Dalit youth in Salem, suspended from party",negative,criminal
1720775609-46,https://www.thehindu.com/archive/web/2023/01/30/,Jan,Other States,"Raipur court convicts man for murdering parents, burying them in garden",negative,criminal
1720775609-47,https://www.thehindu.com/archive/web/2023/01/30/,Jan,Bengaluru,Wastewater testing can help predict spread of COVID-19: Study,positive,health
1720775609-48,https://www.thehindu.com/archive/web/2023/01/30/,Jan,Tripura,"Denied seat, Tripura BJP MLA and leaders quit party",negative,other
1720775609-49,https://www.thehindu.com/archive/web/2023/01/30/,Jan,Kerala,"Biennale offers a memorable experience, says Rajeeve",positive,other
1720775609-50,https://www.thehindu.com/archive/web/2023/01/30/,Jan,Bengaluru,Protest against another Orchids school in Bengaluru over lack of CBSE affiliation,negative,other
1720775609-51,https://www.thehindu.com/archive/web/2023/01/30/,Jan,Kerala,Food poisoning: kitchen at Muvattupuzha hostel shut down,negative,other
1720775609-52,https://www.thehindu.com/archive/web/2023/01/30/,Jan,India,"Punjab regimental centre, CRPF named best marching contingents at RD parade",positive,other
1720775609-53,https://www.thehindu.com/archive/web/2023/01/30/,Jan,Kerala,Month-long drive to ensure pedestrian safety,positive,other
1720775609-54,https://www.thehindu.com/archive/web/2023/01/30/,Jan,Kerala,Cancer detection camp at Cotton Hill GHSS,positive,other
1720775609-55,https://www.thehindu.com/archive/web/2023/01/30/,Jan,Karnataka,"PM Narendra Modi to visit Bengaluru, Tumakuru on February 6",positive,other
1720775609-56,https://www.thehindu.com/archive/web/2023/01/30/,Jan,Karnataka,The Hindu International Education Fair opens with huge response,positive,other
1720775609-57,https://www.thehindu.com/archive/web/2023/01/30/,Jan,Kochi,Martyrdom of Mahatma Gandhi commemorated,positive,other
1720775609-58,https://www.thehindu.com/archive/web/2023/01/30/,Jan,Kochi,CBI files chargesheet in Karipur gold smuggling case,negative,other
1720775609-59,https://www.thehindu.com/archive/web/2023/01/30/,Jan,Chennai,New team will oversee Greater Chennai Corporation’s GIS division from March,positive,other
1720775609-60,https://www.thehindu.com/archive/web/2023/01/30/,Jan,Other States,"FIR against Samajwadi Party leader, OBC Mahasabha members for burning pages of Ramcharitmanas",negative,other
1720775609-61,https://www.thehindu.com/archive/web/2023/01/30/,Jan,India,NIA court awards death sentence to Murtaza Abbasi in Gorakhnath temple attack case,positive,other
1720775609-62,https://www.thehindu.com/archive/web/2023/01/30/,Jan,Karnataka,"DKS, others attend finale of Bharat Jodo Yatra",positive,other
1720775609-63,https://www.thehindu.com/archive/web/2023/01/30/,Jan,Chennai,Greater Chennai Corporation and CMDA to begin using the same version of planning approval software soon,positive,technology
1720775609-64,https://www.thehindu.com/archive/web/2023/01/30/,Jan,Madurai,Mahatma Gandhi remembered on his death anniversary,positive,other
1720775609-65,https://www.thehindu.com/archive/web/2023/01/30/,Jan,Technology,Explained | What does the recent wave of tech layoffs mean?,positive,technology
1720775609-66,https://www.thehindu.com/archive/web/2023/01/30/,Jan,Madurai,Residents seek free house site pattas,positive,other
1720775609-67,https://www.thehindu.com/archive/web/2023/01/30/,Jan,Visakhapatnam,Opposition up in arms against building of wall around Mudasarlova Park in Visakhapatnam,negative,other
1720775609-68,https://www.thehindu.com/archive/web/2023/01/30/,Jan,Madurai,Mega e-waste collection drive inaugurated,positive,other
1720775609-69,https://www.thehindu.com/archive/web/2023/01/30/,Jan,Chennai,India International Leather Fair to begin from February 1,positive,other
1720775609-70,https://www.thehindu.com/archive/web/2023/01/30/,Jan,Madurai,Free internet-based learning centre inaugurated for children in city,positive,technology
1720775609-71,https://www.thehindu.com/archive/web/2023/01/30/,Jan,World,'Tradition of diplomacy' will help Russia solve Ukraine conflict: Pakistan Foreign Minister,positive,other
1720775609-72,https://www.thehindu.com/archive/web/2023/01/30/,Jan,Visakhapatnam,"YSRCP, TDP, JSP, Left parties join hands in struggle against privatisation of Visakhapatnam Steel Plant",positive,other
1720775609-73,https://www.thehindu.com/archive/web/2023/01/30/,Jan,Other States,"Mehbooba, Omar pin hope on Rahul Gandhi for course correction in J&K",positive,other
1720775609-74,https://www.thehindu.com/archive/web/2023/01/30/,Jan,Cricket,Deepti Sharma shines as India tune up for tri-series final with 8-wicket win over West Indies,positive,other
1720775609-75,https://www.thehindu.com/archive/web/2023/01/30/,Jan,Madurai,"Over 10.2 lakh metric tonnes of samba paddy procured so far, says Radhakrishnan",positive,other
1720775609-76,https://www.thehindu.com/archive/web/2023/01/30/,Jan,Kochi,No-confidence motion dismissed in Thripunithura Municipality,negative,other
1720775609-77,https://www.thehindu.com/archive/web/2023/01/30/,Jan,Kerala,Kerala remembers Mahatma Gandhi on his 75th death anniversary,positive,other
1720775609-78,https://www.thehindu.com/archive/web/2023/01/30/,Jan,Hyderabad,US firm Cubic Transportation Systems to ramp up hiring,positive,other
1720775609-79,https://www.thehindu.com/archive/web/2023/01/30/,Jan,Chennai,"Corporation Council approves nomination of ward committee members for 2,000 areas to discuss civic issues",positive,other
1720775609-80,https://www.thehindu.com/archive/web/2023/01/30/,Jan,Kochi,MV Kavaratti resumes service to Lakshadweep Islands,positive,other
1720775613-81,https://www.thehindu.com/archive/web/2023/01/29/,Jan,Bengaluru,Litmus test for democracy is free press that speaks truth to power: Sashi Kumar,positive,other
1720775613-82,https://www.thehindu.com/archive/web/2023/01/29/,Jan,Karnataka,AIMSS plans to stage protest on Wednesday,negative,other
1720775613-83,https://www.thehindu.com/archive/web/2023/01/29/,Jan,Kochi,Kochi Corporation in need of handlers to vaccinate street dogs,negative,other
1720775613-84,https://www.thehindu.com/archive/web/2023/01/29/,Jan,Tripura,BJP fields women’s wing leader Papia Datta from Agartala,positive,other
1720775613-85,https://www.thehindu.com/archive/web/2023/01/29/,Jan,Kerala,Minister appeals to specialist teachers to withdraw stir,negative,other
1720775613-86,https://www.thehindu.com/archive/web/2023/01/29/,Jan,Mangaluru,"Mangalore University campus supports three IUCN red listed near threatened species of birds and five species which are endemic to the Western Ghats, says study",negative,other
1720775613-87,https://www.thehindu.com/archive/web/2023/01/29/,Jan,Madurai,Army man assaulted in drunken brawl in Madurai,negative,criminal
1720775613-88,https://www.thehindu.com/archive/web/2023/01/29/,Jan,Madurai,Chennai college student killed in road accident,negative,other
1720775613-89,https://www.thehindu.com/archive/web/2023/01/29/,Jan,Madurai,25-year-old murdered for bursting crackers,negative,criminal
1720775613-90,https://www.thehindu.com/archive/web/2023/01/29/,Jan,Madurai,M.G.R Bus Stand’s poor maintenance irks passengers,negative,other
1720775613-91,https://www.thehindu.com/archive/web/2023/01/29/,Jan,Visakhapatnam,Kanchi Kamakoti pontiff holds meet with doctors in Visakhapatnam,positive,health
1720775613-92,https://www.thehindu.com/archive/web/2023/01/29/,Jan,Puducherry,Security tightened for S-20 Inception Meeting to be held in Puducherry,positive,other
1720775613-93,https://www.thehindu.com/archive/web/2023/01/29/,Jan,Visakhapatnam,Vissakhapatnam: ‘Visakha Ukku Praja Garjana’ to be organised at Ukkunagaram on January 30,positive,other
1720775613-94,https://www.thehindu.com/archive/web/2023/01/29/,Jan,Mangaluru,"Lanes in Ullal have sleeper cells of terrorists, claims VHP leader at Shourya Yatre",negative,other
1720775613-95,https://www.thehindu.com/archive/web/2023/01/29/,Jan,Tamil Nadu,4 persons test positive for COVID-19 in Tamil Nadu,negative,health
1720775613-96,https://www.thehindu.com/archive/web/2023/01/29/,Jan,Kerala,Thiruvananthapuram DLSA second best in State,positive,other
1720775613-97,https://www.thehindu.com/archive/web/2023/01/29/,Jan,Tamil Nadu,"TN BJP chief Annamalai targets T.R. Baalu for ‘temple demolition’ speech, but shares ‘edited video’",negative,other
1720775613-98,https://www.thehindu.com/archive/web/2023/01/29/,Jan,Visakhapatnam,The Oberoi Group representatives visit Bheemunipatnam in Visakhapatnam,positive,other
1720775613-99,https://www.thehindu.com/archive/web/2023/01/29/,Jan,Telangana,Telangana Congress leaders in Kashmir for ‘Bharat Jodo Yatra’,positive,political
1720775613-100,https://www.thehindu.com/archive/web/2023/01/29/,Jan,Hyderabad,International conference on pulmonology held at Yashoda Hospital,positive,health
1720775613-101,https://www.thehindu.com/archive/web/2023/01/29/,Jan,India,"Will remove posts when proper reporting process is followed, says Twitter",negative,other
1720775613-102,https://www.thehindu.com/archive/web/2023/01/29/,Jan,Kerala,"‘Ka,’ the Mathrubhumi International Festival of Letters, to open in Thiruvananthapuram this week",positive,other
1720775613-103,https://www.thehindu.com/archive/web/2023/01/29/,Jan,Visakhapatnam,200 tribal youth from three States participating in youth exchange programme in Visakhapatnam,positive,other
1720775613-104,https://www.thehindu.com/archive/web/2023/01/29/,Jan,India,Bharat Jodo Yatra has given an alternative vision of politics to the country: Rahul Gandhi,negative,other
1720775613-105,https://www.thehindu.com/archive/web/2023/01/29/,Jan,Cricket,India beat New Zealand by six wickets to level T20 series,positive,other
1720775613-106,https://www.thehindu.com/archive/web/2023/01/29/,Jan,Cricket,Bavuma ton leads South Africa to series win over England,positive,other
1720775613-107,https://www.thehindu.com/archive/web/2023/01/29/,Jan,Other States,PM Modi made it possible for Rahul Gandhi to hoist tiranga at Lal Chowk: BJP,positive,other
1720775613-108,https://www.thehindu.com/archive/web/2023/01/29/,Jan,Kochi,Police intensify checks on vehicles in city,positive,other
1720775613-109,https://www.thehindu.com/archive/web/2023/01/29/,Jan,India,Only PM Modi thinks no Indian territory is under occupation by China: Rahul Gandhi,negative,other
1720775613-110,https://www.thehindu.com/archive/web/2023/01/29/,Jan,Bengaluru,Nine from Bengaluru bag INSA Medal for Young Scientists 2022,positive,other
1720775613-111,https://www.thehindu.com/archive/web/2023/01/29/,Jan,Education,"Student enrolments went up by 7.5% in 2020-21, All India Survey on Higher Education data show",positive,other
1720775613-112,https://www.thehindu.com/archive/web/2023/01/29/,Jan,Kochi,Start-up hackathon in Kochi from Monday,positive,other
1720775613-113,https://www.thehindu.com/archive/web/2023/01/29/,Jan,World,Russian polar research vessel docks in Cape Town amid protests,negative,other
1720775613-114,https://www.thehindu.com/archive/web/2023/01/29/,Jan,India,Mesmerising Beating Retreat ceremony brings an end to Republic Day celebrations,positive,other
1720775613-115,https://www.thehindu.com/archive/web/2023/01/29/,Jan,Delhi,Two arrested for ‘pro-Khalistani’ graffiti and slogans in West Delhi; links with banned SFJ found,negative,criminal
1720775613-116,https://www.thehindu.com/archive/web/2023/01/29/,Jan,Mangaluru,Dilraj Alva elected president of DK amateur wrestling association,positive,other
1720775613-117,https://www.thehindu.com/archive/web/2023/01/29/,Jan,Mangaluru,Students take part in ‘heritage spot sketching’ and ‘visit to museum’,positive,other
1720775613-118,https://www.thehindu.com/archive/web/2023/01/29/,Jan,Other States,Sonam Wangchuk 'house arrest' in Leh reprehensible: CPI(M),negative,criminal
1720775613-119,https://www.thehindu.com/archive/web/2023/01/29/,Jan,World,U.K. PM Sunak sacks party chairman Zahawi over tax affairs,negative,other
1720775613-120,https://www.thehindu.com/archive/web/2023/01/29/,Jan,Hyderabad,"Don’t pay ACD charges with power bill, Bandi Sanjay tells Telangana citizens",negative,political
1720775616-121,https://www.thehindu.com/archive/web/2023/01/28/,Jan,Andhra Pradesh,NABARD delegation meets Andhra Pradesh Chief Minister Jagan,positive,other
1720775616-122,https://www.thehindu.com/archive/web/2023/01/28/,Jan,World,Palestinian teen injures two in a new gun attack in east Jerusalem,negative,other
1720775616-123,https://www.thehindu.com/archive/web/2023/01/28/,Jan,Kochi,Inquiry report on charges against lawyer submitted to State Police Chief,negative,other
1720775616-124,https://www.thehindu.com/archive/web/2023/01/28/,Jan,Karnataka,Three arrested for robbing arecanut businessman,negative,criminal
1720775616-125,https://www.thehindu.com/archive/web/2023/01/28/,Jan,Karnataka,Gifts worth ₹1 lakh stolen during IPS officer’s wedding at star hotel,negative,other
1720775616-126,https://www.thehindu.com/archive/web/2023/01/28/,Jan,India,"Why do LIC, SBI continue to invest in Adani group, Opposition asks",negative,other
1720775616-127,https://www.thehindu.com/archive/web/2023/01/28/,Jan,Education,How architecture colleges can make students industry-ready,positive,other
1720775616-128,https://www.thehindu.com/archive/web/2023/01/28/,Jan,Chennai,Service Doctors and Post Graduates Association calls for streamlining DRP postings,negative,health
1720775616-129,https://www.thehindu.com/archive/web/2023/01/28/,Jan,Kochi,ISL game: traffic regulations in Kochi on Sunday,positive,other
1720775616-130,https://www.thehindu.com/archive/web/2023/01/28/,Jan,Education,Career in Power Engineering,positive,other
1720775616-131,https://www.thehindu.com/archive/web/2023/01/28/,Jan,Education,"Scholarships January 28, 2023",positive,other
1720775616-132,https://www.thehindu.com/archive/web/2023/01/28/,Jan,Education,Career in physiotherapy,positive,other
1720775616-133,https://www.thehindu.com/archive/web/2023/01/28/,Jan,Education,How academic buoyancy mitigates crisis in learning,negative,other
1720775616-134,https://www.thehindu.com/archive/web/2023/01/28/,Jan,Education,Invest in yourself,positive,other
1720775616-135,https://www.thehindu.com/archive/web/2023/01/28/,Jan,Education,On being a student-entrepreneur,positive,other
1720775616-136,https://www.thehindu.com/archive/web/2023/01/28/,Jan,Karnataka,Telugu actor critical in Bengaluru hospital,negative,health
1720775616-137,https://www.thehindu.com/archive/web/2023/01/28/,Jan,Industry,GRSE signs MoU to manufacture Rolls Royce marine engines in India,positive,other
1720775616-138,https://www.thehindu.com/archive/web/2023/01/28/,Jan,India,Gujarat Police nabs man from U.P. village for threatening serial bomb blasts in Ahmedabad on R-Day,negative,other
1720775616-139,https://www.thehindu.com/archive/web/2023/01/28/,Jan,Chennai,Friends recall contribution of dance guru Lakshmi Vishwanathan,positive,other
1720775616-140,https://www.thehindu.com/archive/web/2023/01/28/,Jan,India,Banjaras divided as RSS plans event to ‘bring them into Sanatan Dharma fold’,negative,other
1720775616-141,https://www.thehindu.com/archive/web/2023/01/28/,Jan,Bengaluru,Shakti enthralls fans of all ages with unique fusion music,positive,other
1720775616-142,https://www.thehindu.com/archive/web/2023/01/28/,Jan,Motorsport,Sohil cashes in on pole for his second win of the season,positive,other
1720775616-143,https://www.thehindu.com/archive/web/2023/01/28/,Jan,Business,‘EVs are ideally suited to replace diesel-engine SUVs’,positive,other
1720775616-144,https://www.thehindu.com/archive/web/2023/01/28/,Jan,World,Retired Gen. Pavel wins election to become Czech president,positive,political
1720775616-145,https://www.thehindu.com/archive/web/2023/01/28/,Jan,Tripura,Tripura election: Crack shows up in IPFT over alliance with BJP,negative,political
1720775616-146,https://www.thehindu.com/archive/web/2023/01/28/,Jan,Karnataka,Man gets life sentence for killing wife,negative,other
1720775616-147,https://www.thehindu.com/archive/web/2023/01/28/,Jan,Andhra Pradesh,"SCR official holds freight customers’ meet at Kakinada, urges them to boost trade",negative,business
1720775616-148,https://www.thehindu.com/archive/web/2023/01/28/,Jan,India,Supreme Court presses need for reform on tedious bail processes,negative,other
1720775616-149,https://www.thehindu.com/archive/web/2023/01/28/,Jan,Telangana,Nature lovers join hands for wildlife conservation,positive,other
1720775616-150,https://www.thehindu.com/archive/web/2023/01/28/,Jan,Other States,Sea winds erode 11th century Sundarbans temple,negative,other
1720775616-151,https://www.thehindu.com/archive/web/2023/01/28/,Jan,India,Bandh against inclusion of Bodo villages in Bodoland Territorial Region,negative,other
1720775616-152,https://www.thehindu.com/archive/web/2023/01/28/,Jan,Telangana,Nalgonda’s fluoride fighter Amshala Swamy dies after accidental fall from new EV,negative,other
1720775616-153,https://www.thehindu.com/archive/web/2023/01/28/,Jan,World,"3 killed, 1 missing as torrential rains cause flooding in New Zealand",negative,other
1720775616-154,https://www.thehindu.com/archive/web/2023/01/28/,Jan,Karnataka,People throng to watch the spectacle of Hampi Utsav,positive,other
1720775616-155,https://www.thehindu.com/archive/web/2023/01/28/,Jan,Andhra Pradesh,"FCI offers wheat, rice in open market to check inflationary trends",positive,business
1720775616-156,https://www.thehindu.com/archive/web/2023/01/28/,Jan,Hyderabad,Doctors at NIMS perform complex cardiac procedure on teen,positive,health
1720775616-157,https://www.thehindu.com/archive/web/2023/01/28/,Jan,World,"Death toll in Afghanistan cold snap rises to 166, official says",negative,other
1720775616-158,https://www.thehindu.com/archive/web/2023/01/28/,Jan,Kochi,Man who petitioned police about missing wife arrested for her alleged murder,negative,criminal
1720775616-159,https://www.thehindu.com/archive/web/2023/01/28/,Jan,Telangana,24-storey super-specialty hospital building in Warangal to be ready by year-end,positive,health
1720775616-160,https://www.thehindu.com/archive/web/2023/01/28/,Jan,Andhra Pradesh,Yatras ahead of elections set to heat up political scenario in Andhra Pradesh,negative,political
1720775620-161,https://www.thehindu.com/archive/web/2023/01/27/,Jan,Andhra Pradesh,"‘Pariksha Pe Charcha’ will help relieve us of examination stress, say students",positive,other
1720775620-162,https://www.thehindu.com/archive/web/2023/01/27/,Jan,Madurai,Water level in Papanasam dam stood at 81.70 feet,negative,other
1720775620-163,https://www.thehindu.com/archive/web/2023/01/27/,Jan,Madurai,43 NCC cadets fall sick after taking breakfast at cleaning camp,negative,other
1720775620-164,https://www.thehindu.com/archive/web/2023/01/27/,Jan,Madurai,"Declare Thoothukudi district ‘drought-hit’, farmers urge T.N. government",negative,political
1720775620-165,https://www.thehindu.com/archive/web/2023/01/27/,Jan,Hyderabad,G20-Startup20 inception meeting opens today in Hyderabad,positive,other
1720775620-166,https://www.thehindu.com/archive/web/2023/01/27/,Jan,Chennai,"Corporation stops demolition work, issues notice to the property owner",negative,other
1720775620-167,https://www.thehindu.com/archive/web/2023/01/27/,Jan,Telangana,KTR tells IIIT students of Govt’s focus on 8 emerging tech areas,positive,technology
1720775620-168,https://www.thehindu.com/archive/web/2023/01/27/,Jan,Kerala,"Strong signs of fiscal turnaround in State, says Gulati Institute of Finance and Taxation study",negative,business
1720775620-169,https://www.thehindu.com/archive/web/2023/01/27/,Jan,Karnataka,"As COVID-19 vaccine stocks near expiry, private hospitals worried over poor utilisation",negative,business
1720775620-170,https://www.thehindu.com/archive/web/2023/01/27/,Jan,Mangaluru,"Former RFO sentenced to five years of imprisonment, fined ₹1.5 crore",negative,criminal
1720775620-171,https://www.thehindu.com/archive/web/2023/01/27/,Jan,Tamil Nadu,Spanish short wins first prize in film festival held by Schizophrenia Research Foundation,positive,other
1720775620-172,https://www.thehindu.com/archive/web/2023/01/27/,Jan,Visakhapatnam,VIP visits: Visakhapatnam likely to see traffic rush at a few areas on January 28,negative,other
1720775620-173,https://www.thehindu.com/archive/web/2023/01/27/,Jan,Visakhapatnam,"Uniforms, utility items distributed to students in Visakhapatnam",positive,other
1720775620-174,https://www.thehindu.com/archive/web/2023/01/27/,Jan,Visakhapatnam,Workers take out huge rally against privatisation of Visakhapatnam Steel Plant,negative,other
1720775620-175,https://www.thehindu.com/archive/web/2023/01/27/,Jan,Visakhapatnam,DRM inaugurates a series of amenities at railway colonies in Visakhapatnam,positive,other
1720775620-176,https://www.thehindu.com/archive/web/2023/01/27/,Jan,Kerala,Ailing woman found abandoned; probe ordered,negative,other
1720775620-177,https://www.thehindu.com/archive/web/2023/01/27/,Jan,World,Syria to blame for 2018 chlorine attack: watchdog,negative,other
1720775620-178,https://www.thehindu.com/archive/web/2023/01/27/,Jan,Telangana,Civil Supplies Corporation borrows ₹3K cr for clearing payments,positive,other
1720775620-179,https://www.thehindu.com/archive/web/2023/01/27/,Jan,Karnataka,18 animals recovered from wildlife smugglers at KIA,positive,other
1720775620-180,https://www.thehindu.com/archive/web/2023/01/27/,Jan,Telangana,Introduce teaching Law in Telugu on trial basis: SC Judge P.S. Narsimha,positive,other
1720775620-181,https://www.thehindu.com/archive/web/2023/01/27/,Jan,World,Thai ruling party names deputy PM as main election candidate,positive,political
1720775620-182,https://www.thehindu.com/archive/web/2023/01/27/,Jan,India,India proposes to develop 130 model villages along LAC: Lt. General Kalita,positive,other
1720775620-183,https://www.thehindu.com/archive/web/2023/01/27/,Jan,World,Fiji suspends national police chief,negative,other
1720775620-184,https://www.thehindu.com/archive/web/2023/01/27/,Jan,Andhra Pradesh,APPSC releases Group-I Services Main Examinations schedule,positive,other
1720775620-185,https://www.thehindu.com/archive/web/2023/01/27/,Jan,Chennai,Man sets fire to Mercedes Benz car after spat with his friend,negative,other
1720775620-186,https://www.thehindu.com/archive/web/2023/01/27/,Jan,Telangana,"CM, Guv condoled actor Jamuna’s demise",negative,other
1720775620-187,https://www.thehindu.com/archive/web/2023/01/27/,Jan,Telangana,Contempt notice to Puvvada Ajay Kumar,negative,other
1720775620-188,https://www.thehindu.com/archive/web/2023/01/27/,Jan,Tamil Nadu,Conference for girls from underprivileged communities held,positive,other
1720775620-189,https://www.thehindu.com/archive/web/2023/01/27/,Jan,Tamil Nadu,SFI’s bid to screen BBC documentary at University of Madras foiled,positive,other
1720775620-190,https://www.thehindu.com/archive/web/2023/01/27/,Jan,Andhra Pradesh,"Short film contest for A.P., Telangana filmmakers from February 10",positive,other
1720775620-191,https://www.thehindu.com/archive/web/2023/01/27/,Jan,Business,Aaj Tak YouTube Channel eyes 100 million subscribers,positive,other
1720775620-192,https://www.thehindu.com/archive/web/2023/01/27/,Jan,Business,Dr. Reddy’s unveils Durezol eye drops generic,positive,other
1720775620-193,https://www.thehindu.com/archive/web/2023/01/27/,Jan,World,Indian-American astronaut nominated by President Biden for appointment to grade of an Air Force brigadier general,positive,other
1720775620-194,https://www.thehindu.com/archive/web/2023/01/27/,Jan,Hyderabad,Sharmila to resume “Praja Prasthanam” padayatra on February 2,positive,other
1720775620-195,https://www.thehindu.com/archive/web/2023/01/27/,Jan,Kerala,37 fishermen shifted to new houses built under Punargeham scheme,positive,other
1720775620-196,https://www.thehindu.com/archive/web/2023/01/27/,Jan,World,Putin blasts 'neo-Nazis' in Ukraine on Holocaust Remembrance Day,negative,other
1720775620-197,https://www.thehindu.com/archive/web/2023/01/27/,Jan,Andhra Pradesh,Miscreants ransack MLA’s house,negative,other
1720775620-198,https://www.thehindu.com/archive/web/2023/01/27/,Jan,Bengaluru,Post offices in IT capital are not so digital yet,negative,other
1720775620-199,https://www.thehindu.com/archive/web/2023/01/27/,Jan,Kochi,Thrikkakara Municipality sends resolution against secretary to government,negative,political
1720775620-200,https://www.thehindu.com/archive/web/2023/01/27/,Jan,Mumbai,"Hindu outfit leader, 19 others acquitted in 2014 murder case of an IT professional in Pune",negative,criminal
1720775623-201,https://www.thehindu.com/archive/web/2023/01/26/,Jan,Madurai,Repulic Day celebrated at Corporation office,positive,other
1720775623-202,https://www.thehindu.com/archive/web/2023/01/26/,Jan,Puducherry,"Puducherry govt. should increase allocation for capital expenditure, says former MP",positive,other
1720775623-203,https://www.thehindu.com/archive/web/2023/01/26/,Jan,India,India displays indigenous arms and women power,positive,other
1720775623-204,https://www.thehindu.com/archive/web/2023/01/26/,Jan,Madurai,"Madurai Collector unfurls national flag, stresses segregation of waste at gram sabha meet",negative,other
1720775623-205,https://www.thehindu.com/archive/web/2023/01/26/,Jan,Delhi,Celebrating the myriad facets of Urdu in English,positive,other
1720775623-206,https://www.thehindu.com/archive/web/2023/01/26/,Jan,Bengaluru,Bike lifter arrested in Bengaluru,negative,criminal
1720775623-207,https://www.thehindu.com/archive/web/2023/01/26/,Jan,Bengaluru,Wall painter killed in road accident in Bengaluru,negative,other
1720775623-208,https://www.thehindu.com/archive/web/2023/01/26/,Jan,Science,Why is Japan planning to flush Fukushima wastewater into the ocean?,positive,other
1720775623-209,https://www.thehindu.com/archive/web/2023/01/26/,Jan,Other States,Baghel announces monthly allowance for unemployed youth in Chhattisgarh,positive,other
1720775623-210,https://www.thehindu.com/archive/web/2023/01/26/,Jan,Coimbatore,Activist stage protest near Salem Collectorate,negative,other
1720775623-211,https://www.thehindu.com/archive/web/2023/01/26/,Jan,Bengaluru,Bikers rob elderly woman of part of gold chain in Bengaluru,negative,other
1720775623-212,https://www.thehindu.com/archive/web/2023/01/26/,Jan,Other States,"Bihar caste survey | Phase 1 completed, form for next stage still being finalised",positive,other
1720775623-213,https://www.thehindu.com/archive/web/2023/01/26/,Jan,India,74th Republic Day | Strong and steady down Kartavya Path,positive,other
1720775623-214,https://www.thehindu.com/archive/web/2023/01/26/,Jan,India,Two different reports by two different wings of UP Police on medical student's death; SC orders CBI probe,negative,other
1720775623-215,https://www.thehindu.com/archive/web/2023/01/26/,Jan,Telangana,KCR abstains from At Home,negative,other
1720775623-216,https://www.thehindu.com/archive/web/2023/01/26/,Jan,Telangana,Revanth claims Eatala Rajender has realised that BJP not serious to defeat KCR,negative,other
1720775623-217,https://www.thehindu.com/archive/web/2023/01/26/,Jan,Karnataka,A touch of conservation from Bamiyan to Ajanta and Angkor Wat,positive,other
1720775623-218,https://www.thehindu.com/archive/web/2023/01/26/,Jan,Other States,Evacuees from ‘sinking’ Joshimath await pre-fabricated houses,positive,other
1720775623-219,https://www.thehindu.com/archive/web/2023/01/26/,Jan,India,EPFO’s plan to review high pension payout cases sparks concern,negative,other
1720775623-220,https://www.thehindu.com/archive/web/2023/01/26/,Jan,Chennai,Residential welfare associations barred from celebrating R-Day in parks of Ambattur,negative,other
1720775623-221,https://www.thehindu.com/archive/web/2023/01/26/,Jan,Andhra Pradesh,City hospital performs free heart surgeries for 20 children,positive,health
1720775623-222,https://www.thehindu.com/archive/web/2023/01/26/,Jan,Chennai,Audi India told to refund over ₹60 lakh for defect in braking system,negative,other
1720775623-223,https://www.thehindu.com/archive/web/2023/01/26/,Jan,Telangana,Next Vande Bharat Express likely towards Tirupati,positive,other
1720775623-224,https://www.thehindu.com/archive/web/2023/01/26/,Jan,Chennai,Idol Wing to trace 70 accused persons against whom non-bailable warrants are pending,negative,other
1720775623-225,https://www.thehindu.com/archive/web/2023/01/26/,Jan,Madurai,Two found dead on railway track,negative,other
1720775623-226,https://www.thehindu.com/archive/web/2023/01/26/,Jan,Tamil Nadu,Felicitation of Tasmac officials during Republic Day celebration at Karur raises eyebrows,positive,other
1720775623-227,https://www.thehindu.com/archive/web/2023/01/26/,Jan,Andhra Pradesh,VIT-AP varsity felicitates ‘unsung heroes’ on Republic Day,positive,other
1720775623-228,https://www.thehindu.com/archive/web/2023/01/26/,Jan,Madurai,Republic Day celebrated at Alagappa University,positive,other
1720775623-229,https://www.thehindu.com/archive/web/2023/01/26/,Jan,Karnataka,Three from Mysuru conferred Padma awards,positive,other
1720775623-230,https://www.thehindu.com/archive/web/2023/01/26/,Jan,Karnataka,Bengaluru sees a slew of civil work ahead of elections,positive,political
1720775623-231,https://www.thehindu.com/archive/web/2023/01/26/,Jan,Karnataka,"Time has come to oust BJP, say Congress leaders",negative,political
1720775623-232,https://www.thehindu.com/archive/web/2023/01/26/,Jan,Telangana,Transfer of teachers from Friday,positive,other
1720775623-233,https://www.thehindu.com/archive/web/2023/01/26/,Jan,Madurai,74th Republic Day | 45 teachers honoured in Kanniyakumari district,positive,other
1720775623-234,https://www.thehindu.com/archive/web/2023/01/26/,Jan,Bengaluru,"In post-pandemic admission season, parents are seeking holistic education for children",positive,health
1720775623-235,https://www.thehindu.com/archive/web/2023/01/26/,Jan,India,"India making substantial contribution to international stability and security, says Putin",positive,other
1720775623-236,https://www.thehindu.com/archive/web/2023/01/26/,Jan,Telangana,5-km run held at Nanakramguda Prestige High Fields society,positive,other
1720775623-237,https://www.thehindu.com/archive/web/2023/01/26/,Jan,Tamil Nadu,"English, not Hindi, gave Tamils the advantage in the era of globalisation: Durai Vaiko",positive,other
1720775623-238,https://www.thehindu.com/archive/web/2023/01/26/,Jan,Madurai,More funds will be allocated to improve village panchayats: Minister,positive,other
1720775623-239,https://www.thehindu.com/archive/web/2023/01/26/,Jan,Andhra Pradesh,"Palnadu, Bapatla celebrate with enthusiasm the first R-Day after formation of districts",positive,other
1720775623-240,https://www.thehindu.com/archive/web/2023/01/26/,Jan,Bengaluru,Domicile reservation for Karnataka candidates: Higher Education Minister writes second letter to NLSIU,positive,other
1720775627-241,https://www.thehindu.com/archive/web/2023/01/25/,Jan,Kolkata,ISF takes out rally in Kolkata seeking its lone MLA’s release,negative,other
1720775627-242,https://www.thehindu.com/archive/web/2023/01/25/,Jan,Kerala,Historian C.I. Issac wins Padma award,positive,other
1720775627-243,https://www.thehindu.com/archive/web/2023/01/25/,Jan,Coimbatore,Man arrested for assault in Tiruppur,negative,criminal
1720775627-244,https://www.thehindu.com/archive/web/2023/01/25/,Jan,Kochi,Bribery charges: police record lawyer’s statement,negative,other
1720775627-245,https://www.thehindu.com/archive/web/2023/01/25/,Jan,Chennai,Seven arrested for murder,negative,criminal
1720775627-246,https://www.thehindu.com/archive/web/2023/01/25/,Jan,Kerala,Padma Shri for four Keralites,positive,other
1720775627-247,https://www.thehindu.com/archive/web/2023/01/25/,Jan,Tamil Nadu,Varsity to offer online course in Patent Law,positive,other
1720775627-248,https://www.thehindu.com/archive/web/2023/01/25/,Jan,Kerala,Septuagenarian tribal farmer from Wayanad wins Padma Shri,positive,other
1720775627-249,https://www.thehindu.com/archive/web/2023/01/25/,Jan,Karnataka,Poll-bound Karnataka gets eight Padma awards,positive,other
1720775627-250,https://www.thehindu.com/archive/web/2023/01/25/,Jan,Visakhapatnam,"Visakhapatnam: release white paper on development works taken up in wards, corporator urges GVMC",positive,other
1720775627-251,https://www.thehindu.com/archive/web/2023/01/25/,Jan,Kerala,"‘We should project Kalaripayattu,’ says Padma award winner S. R. D. Prasad",positive,other
1720775627-252,https://www.thehindu.com/archive/web/2023/01/25/,Jan,Chennai,All acquitted in the case of school girl falling to death through a hole in the floor of the bus in 2012,negative,other
1720775627-253,https://www.thehindu.com/archive/web/2023/01/25/,Jan,Karnataka,Padmashri Award for Bidri craftsperson,positive,other
1720775627-254,https://www.thehindu.com/archive/web/2023/01/25/,Jan,Tamil Nadu,"Madras High Court quashes ban on manufacture, sale of gutkha",negative,other
1720775627-255,https://www.thehindu.com/archive/web/2023/01/25/,Jan,Chennai,Tamil Nadu reports 10 fresh cases of COVID-19,negative,health
1720775627-256,https://www.thehindu.com/archive/web/2023/01/25/,Jan,Tamil Nadu,DCE instructs govt. colleges to complete syllabus by May 1 for first- year students,positive,other
1720775627-257,https://www.thehindu.com/archive/web/2023/01/25/,Jan,Tamil Nadu,Annamalai blames State govt. for failing to ensure safety of Tangedco workers,negative,other
1720775627-258,https://www.thehindu.com/archive/web/2023/01/25/,Jan,Coimbatore,10 long-pending demands in every constituency will be fulfilled: Minister,positive,other
1720775627-259,https://www.thehindu.com/archive/web/2023/01/25/,Jan,Visakhapatnam,Visakhapatnam: Intermediate student ‘ends’ life at Bheemunipatnam,negative,other
1720775627-260,https://www.thehindu.com/archive/web/2023/01/25/,Jan,Bengaluru,"Farmer, vegetable vendor arrested for trying to sell leopard nails",negative,criminal
1720775627-261,https://www.thehindu.com/archive/web/2023/01/25/,Jan,Bengaluru,Four involved in inter-State fake currency racket held,negative,other
1720775627-262,https://www.thehindu.com/archive/web/2023/01/25/,Jan,Chennai,24 police officers to receive Medal for Distinguished and Meritorious Services,positive,other
1720775627-263,https://www.thehindu.com/archive/web/2023/01/25/,Jan,Sport,"Danneberg, Grambusch brothers star as Germany shoots out England",positive,other
1720775627-264,https://www.thehindu.com/archive/web/2023/01/25/,Jan,Bengaluru,Student arrested for assault,negative,criminal
1720775627-265,https://www.thehindu.com/archive/web/2023/01/25/,Jan,Kerala,Zoo TB deaths: strengthening of biosecurity measures mooted,negative,other
1720775627-266,https://www.thehindu.com/archive/web/2023/01/25/,Jan,Tamil Nadu,"Congress, CPI MLAs to boycott Governor’s ‘At Home’ reception",negative,political
1720775627-267,https://www.thehindu.com/archive/web/2023/01/25/,Jan,Karnataka,Three high school dropouts arrested for cheating people posing as BBMP staff,negative,criminal
1720775627-268,https://www.thehindu.com/archive/web/2023/01/25/,Jan,India,Explained | Understanding the ‘basic structure’ of the Constitution and Jagdeep Dhankar’s criticism of it,positive,other
1720775627-269,https://www.thehindu.com/archive/web/2023/01/25/,Jan,Kochi,KAU to take its innovative course of PG Diploma in Horticulture Therapy to a wider audience,positive,other
1720775627-270,https://www.thehindu.com/archive/web/2023/01/25/,Jan,Hyderabad,SBI staff contribute ₹33.78 lakh to Armed Forces Flag Day Fund,positive,other
1720775627-271,https://www.thehindu.com/archive/web/2023/01/25/,Jan,Kerala,Project to improve solid waste management systems in urban bodies in Alappuzha approved,positive,other
1720775627-272,https://www.thehindu.com/archive/web/2023/01/25/,Jan,Kerala,Kerala school announces menstrual holiday for students,positive,other
1720775627-273,https://www.thehindu.com/archive/web/2023/01/25/,Jan,Kerala,Two more arrested in food poisoning case,negative,criminal
1720775627-274,https://www.thehindu.com/archive/web/2023/01/25/,Jan,Kerala,Finnish education practices to be incorporated: Minister,positive,other
1720775627-275,https://www.thehindu.com/archive/web/2023/01/25/,Jan,Kerala,Jose K. Mani to move private bill on wildlife attacks,positive,political
1720775627-276,https://www.thehindu.com/archive/web/2023/01/25/,Jan,Tennis,Djokovic crushes Rublev to reach Australian Open semi-finals,positive,other
1720775627-277,https://www.thehindu.com/archive/web/2023/01/25/,Jan,World,"U.S., Germany to send tanks to Ukraine",positive,other
1720775627-278,https://www.thehindu.com/archive/web/2023/01/25/,Jan,Tennis,Sabalenka battles 'tough moments' to reach Australian Open semis,positive,other
1720775627-279,https://www.thehindu.com/archive/web/2023/01/25/,Jan,Karnataka,"Under pressure from private hospitals, government modifies Yeshasvini package rates",positive,political
1720775627-280,https://www.thehindu.com/archive/web/2023/01/25/,Jan,World,Explained | The next leg of the Russia-Ukraine war,positive,other
1720775630-281,https://www.thehindu.com/archive/web/2023/01/24/,Jan,Tamil Nadu,VCK to boycott Republic Day Tea party at Raj Bhavan: Thirumavalavan,negative,other
1720775630-282,https://www.thehindu.com/archive/web/2023/01/24/,Jan,Visakhapatnam,Visakhapatnam: Kanchi pontiff to perform Maha Kumbhabhishekam at Mahalakshmi temple at Bhimili on January 26,positive,other
1720775630-283,https://www.thehindu.com/archive/web/2023/01/24/,Jan,Tamil Nadu,IIT-Madras hosts G20 University Connect lecture series,positive,other
1720775630-284,https://www.thehindu.com/archive/web/2023/01/24/,Jan,Telangana,KTR asks people to support BRS for a hat-trick win to carry on good work,positive,other
1720775630-285,https://www.thehindu.com/archive/web/2023/01/24/,Jan,Kochi,"No concrete action against faecal contamination in Edappally, Perandoor canals, says NGT",negative,other
1720775630-286,https://www.thehindu.com/archive/web/2023/01/24/,Jan,Tamil Nadu,Ed-Tech startup Bversity gets seed funding,positive,technology
1720775630-287,https://www.thehindu.com/archive/web/2023/01/24/,Jan,Kerala,UDF demands steps to address congestion in ghat section of NH-766,positive,other
1720775630-288,https://www.thehindu.com/archive/web/2023/01/24/,Jan,Kerala,Phase 2 of anti-drugs campaign ends tomorrow,positive,other
1720775630-289,https://www.thehindu.com/archive/web/2023/01/24/,Jan,Visakhapatnam,Chief Minister to visit Visakhapatnam on January 28,positive,other
1720775630-290,https://www.thehindu.com/archive/web/2023/01/24/,Jan,Kozhikode,UDF approaches CAG over scams in Kozhikode Corporation,positive,other
1720775630-291,https://www.thehindu.com/archive/web/2023/01/24/,Jan,Kozhikode,Four die in road accidents every week in Kozhikode city,negative,other
1720775630-292,https://www.thehindu.com/archive/web/2023/01/24/,Jan,Coimbatore,Erode East bypoll | Former AIADMK Ministers meet Edappadi Palaniswami in Salem,positive,other
1720775630-293,https://www.thehindu.com/archive/web/2023/01/24/,Jan,Tamil Nadu,Madurai Bench of Madras HC asks panel to take action against resorts creating artificial waterfalls,positive,other
1720775630-294,https://www.thehindu.com/archive/web/2023/01/24/,Jan,India,Youth outfits defy ‘ban’ to hold public screenings of BBC documentary on PM Modi,negative,other
1720775630-295,https://www.thehindu.com/archive/web/2023/01/24/,Jan,Education,"News from the world of Education: January 24, 2023",positive,other
1720775630-296,https://www.thehindu.com/archive/web/2023/01/24/,Jan,Bengaluru,Accountant killed in road accident,negative,other
1720775630-297,https://www.thehindu.com/archive/web/2023/01/24/,Jan,Tamil Nadu,Heart from donor in Madurai reaches city hospital in two hours,positive,health
1720775630-298,https://www.thehindu.com/archive/web/2023/01/24/,Jan,Madurai,Councillors voice out their problems at grievance redressal meeting,positive,other
1720775630-299,https://www.thehindu.com/archive/web/2023/01/24/,Jan,Andhra Pradesh,Mass mortality of Olive Ridley turtles in Godavari region of Andhra Pradesh raises concerns,negative,other
1720775630-300,https://www.thehindu.com/archive/web/2023/01/24/,Jan,Kochi,Gaps in enforcement against dangling wires to the fore as accidents rise,negative,other
1720775630-301,https://www.thehindu.com/archive/web/2023/01/24/,Jan,Telangana,Telugu film industry elated as ‘Naatu Naatu’ gets Oscar nomination,positive,other
1720775630-302,https://www.thehindu.com/archive/web/2023/01/24/,Jan,Other Sports,"Indonesia Masters: Priyanshu enters main draw, Praneeth's struggle continues",positive,other
1720775630-303,https://www.thehindu.com/archive/web/2023/01/24/,Jan,Tamil Nadu,"Anna varsity ties affiliation to academic audit of courses, classes",positive,other
1720775630-304,https://www.thehindu.com/archive/web/2023/01/24/,Jan,Madurai,AITUC members stage agitation against policies of Union government,negative,political
1720775630-305,https://www.thehindu.com/archive/web/2023/01/24/,Jan,Visakhapatnam,"490 sedative injections seized, one arrested in Visakhapatnam",negative,criminal
1720775630-306,https://www.thehindu.com/archive/web/2023/01/24/,Jan,Hyderabad,"Miscreants open fire at wine shop staff, flee with ₹2 lakh",negative,other
1720775630-307,https://www.thehindu.com/archive/web/2023/01/24/,Jan,Bengaluru,Hospital ties up with Fujifilm for storing sensitive medical documents,negative,health
1720775630-308,https://www.thehindu.com/archive/web/2023/01/24/,Jan,Visakhapatnam,"Visakhapatnam RPO processed the highest number of passport applications in 2022 compared to previous three years, says Regional Passport Officer",positive,other
1720775630-309,https://www.thehindu.com/archive/web/2023/01/24/,Jan,Bengaluru,Security tightened for R-Day,positive,other
1720775630-310,https://www.thehindu.com/archive/web/2023/01/24/,Jan,Kochi,Ro-ro vessel Sethu Sagar-I to be out of service for a few months,negative,other
1720775630-311,https://www.thehindu.com/archive/web/2023/01/24/,Jan,Chennai,Chief Minister orders new sports complex in North Chennai,positive,other
1720775630-312,https://www.thehindu.com/archive/web/2023/01/24/,Jan,Andhra Pradesh,U.P. CM’s Adviser all praise for A.P. govt.’s initiatives in agriculture and other sectors,positive,other
1720775630-313,https://www.thehindu.com/archive/web/2023/01/24/,Jan,Karnataka,"Deve Gowda writes to Kharge, says he cannot make it to the culmination of Bharat Jodo Yatra",positive,other
1720775630-314,https://www.thehindu.com/archive/web/2023/01/24/,Jan,Chennai,Danish technical team inspects major city waterways with WRD officials,positive,technology
1720775630-315,https://www.thehindu.com/archive/web/2023/01/24/,Jan,Karnataka,Anganwadi workers on an indefinite protest,positive,other
1720775630-316,https://www.thehindu.com/archive/web/2023/01/24/,Jan,Kerala,Quiz competition held,positive,other
1720775630-317,https://www.thehindu.com/archive/web/2023/01/24/,Jan,Kerala,NH upgradation to be made more efficient,positive,other
1720775630-318,https://www.thehindu.com/archive/web/2023/01/24/,Jan,Other Sports,Lack of consultation over setting up of inquiry panel upsets protesting wrestlers,negative,other
1720775630-319,https://www.thehindu.com/archive/web/2023/01/24/,Jan,Madurai,Two killed in Ramanathapuram,negative,other
1720775630-320,https://www.thehindu.com/archive/web/2023/01/24/,Jan,Kerala,"New data insights can help prevent pandemics, says health expert",positive,health
1720775635-321,https://www.thehindu.com/archive/web/2023/01/23/,Jan,Madurai,"Cases of common cold rise in Madurai, doctors blame wet weather",negative,health
1720775635-322,https://www.thehindu.com/archive/web/2023/01/23/,Jan,Madurai,Finance Minister inaugurates smart classrooms at 5 corporation schools in Madurai,positive,business
1720775635-323,https://www.thehindu.com/archive/web/2023/01/23/,Jan,Kochi,Quarry owners threaten to go on indefinite strike,negative,other
1720775635-324,https://www.thehindu.com/archive/web/2023/01/23/,Jan,Tamil Nadu,Erode (East) bypoll | Panneerselvam reiterates that his group will field a candidate,positive,other
1720775635-325,https://www.thehindu.com/archive/web/2023/01/23/,Jan,Chennai,Seven persons test positive for COVID-19,negative,health
1720775635-326,https://www.thehindu.com/archive/web/2023/01/23/,Jan,Technology,Internet Archive takes down upload of BBC’s Modi documentary,negative,technology
1720775635-327,https://www.thehindu.com/archive/web/2023/01/23/,Jan,Visakhapatnam,JSP corporator launches fast-unto-death in Visakhapatnam,negative,other
1720775635-328,https://www.thehindu.com/archive/web/2023/01/23/,Jan,Kochi,Supplyco sells non-subsidised items worth ₹665 crore,positive,other
1720775635-329,https://www.thehindu.com/archive/web/2023/01/23/,Jan,Hyderabad,25 women empowerment centres soon for counselling domestic violence victims: Telangana DGP,positive,other
1720775635-330,https://www.thehindu.com/archive/web/2023/01/23/,Jan,Kerala,"Kerala striving to attract investment in tourism, says Governor",negative,business
1720775635-331,https://www.thehindu.com/archive/web/2023/01/23/,Jan,Visakhapatnam,"Make breast cancer drugs affordable, Praja Arogya Vedika urges Union government",positive,political
1720775635-332,https://www.thehindu.com/archive/web/2023/01/23/,Jan,Kochi,Bullets recovered from tree cavity in Kochi,negative,other
1720775635-333,https://www.thehindu.com/archive/web/2023/01/23/,Jan,Hyderabad,"Kulsumpet murder: three accused identified, special teams formed",negative,criminal
1720775635-334,https://www.thehindu.com/archive/web/2023/01/23/,Jan,Hyderabad,"Hyderabad building fire: skeletal remains sent to FSL, search for 2 missing workers continues",negative,other
1720775635-335,https://www.thehindu.com/archive/web/2023/01/23/,Jan,Hyderabad,Burnt building to be demolished by GHMC,negative,other
1720775635-336,https://www.thehindu.com/archive/web/2023/01/23/,Jan,Bengaluru,JNCASR scientists develop brain-like computing with industry compatible nitride semiconductors,positive,other
1720775635-337,https://www.thehindu.com/archive/web/2023/01/23/,Jan,Hyderabad,Bharat Biotech subsidiary recalls rabies vaccine batch after theft,negative,criminal
1720775635-338,https://www.thehindu.com/archive/web/2023/01/23/,Jan,Kerala,Marriage of minor rape victim: three arrested,negative,criminal
1720775635-339,https://www.thehindu.com/archive/web/2023/01/23/,Jan,Kochi,Seizure of stale chicken: police arrest prime accused,negative,criminal
1720775635-340,https://www.thehindu.com/archive/web/2023/01/23/,Jan,Other States,"Trivendra Rawat is an attention seeker, says Char Dham temple priests on former CM’s remark on Joshimath",negative,other
1720775635-341,https://www.thehindu.com/archive/web/2023/01/23/,Jan,Mumbai,National Commission for Scheduled Tribes issues warrant of arrest against Maharashtra officials over child-selling racket,negative,criminal
1720775635-342,https://www.thehindu.com/archive/web/2023/01/23/,Jan,Madurai,Madras HC directs bank to release jewellery,positive,other
1720775635-343,https://www.thehindu.com/archive/web/2023/01/23/,Jan,Other States,"All of earth’s problems will be solved if cow slaughter is stopped, says Gujarat judge",positive,other
1720775635-344,https://www.thehindu.com/archive/web/2023/01/23/,Jan,Karnataka,"Will hand over corruption cases during Congress regime to Lokayukta, says CM",negative,political
1720775635-345,https://www.thehindu.com/archive/web/2023/01/23/,Jan,Karnataka,Congress blames ‘corruption by BJP’ for civic apathy and crumbling infrastructure,negative,political
1720775635-346,https://www.thehindu.com/archive/web/2023/01/23/,Jan,Visakhapatnam,Free battery- operated prosthetic hand distribution camp in Visakhapatnam on Feburary 8 and 9,positive,other
1720775635-347,https://www.thehindu.com/archive/web/2023/01/23/,Jan,Other States,Cong. MLA wants Bill to bar non-Punjabis from buying agriculture land in State,positive,political
1720775635-348,https://www.thehindu.com/archive/web/2023/01/23/,Jan,Bengaluru,Hardware engineer who killed wife was illegal Bangladeshi immigrant,negative,other
1720775635-349,https://www.thehindu.com/archive/web/2023/01/23/,Jan,Tamil Nadu,150 differently abled persons get new wheelchairs,positive,other
1720775635-350,https://www.thehindu.com/archive/web/2023/01/23/,Jan,India,Air India Urination incident | Cabin crew association demands revoking derostering of the flight crew,negative,other
1720775635-351,https://www.thehindu.com/archive/web/2023/01/23/,Jan,India,"Congress has no patriotism left, says BJP after Digvijay’s comment on surgical strikes",negative,political
1720775635-352,https://www.thehindu.com/archive/web/2023/01/23/,Jan,Other States,"Non-inclusion of Punjab tableau in R-Day parade angers AAP, SAD",positive,other
1720775635-353,https://www.thehindu.com/archive/web/2023/01/23/,Jan,Tiruchirapalli,Campus Connect,positive,other
1720775635-354,https://www.thehindu.com/archive/web/2023/01/23/,Jan,India,"DRDO, Naval Group reach agreement on indigenous AIP modules on Scorpene submarines",positive,other
1720775635-355,https://www.thehindu.com/archive/web/2023/01/23/,Jan,India,"Left jobless, thousands of Indian IT workers scramble for options to stay in the U.S.",negative,other
1720775635-356,https://www.thehindu.com/archive/web/2023/01/23/,Jan,Visakhapatnam,Telugu actor Sudheer Varma dies in Visakhapatnam,negative,other
1720775635-357,https://www.thehindu.com/archive/web/2023/01/23/,Jan,India,Thousands of Indian IT professionals now jobless scrambling for options to stay in the U.S.,negative,other
1720775635-358,https://www.thehindu.com/archive/web/2023/01/23/,Jan,Telangana,BRS blames Congress for Palamuru-RR project delay,negative,political
1720775635-359,https://www.thehindu.com/archive/web/2023/01/23/,Jan,Tiruchirapalli,88-year-old man found dead,negative,other
1720775635-360,https://www.thehindu.com/archive/web/2023/01/23/,Jan,Mangaluru,Absconding POCSO case accused arrested at Nepal border,negative,criminal
1720775637-361,https://www.thehindu.com/archive/web/2023/01/22/,Jan,Tamil Nadu,Erode (East) bypoll | Congress fields E.V.K.S. Elangovan,positive,political
1720775637-362,https://www.thehindu.com/archive/web/2023/01/22/,Jan,Tamil Nadu,Three persons killed after crane collapses during temple festival near Arakkonam,negative,other
1720775637-363,https://www.thehindu.com/archive/web/2023/01/22/,Jan,Hyderabad,Symphony orchestra brings curtains down on science fest at HPS,positive,other
1720775637-364,https://www.thehindu.com/archive/web/2023/01/22/,Jan,Hyderabad,‘Remember Che Guevara not just through T-shirts but his world-changing ideology’,positive,other
1720775637-365,https://www.thehindu.com/archive/web/2023/01/22/,Jan,Tamil Nadu,Panneerselvam leaves for Gujarat to take part in Pongal event,positive,other
1720775637-366,https://www.thehindu.com/archive/web/2023/01/22/,Jan,Tamil Nadu,Erode (East) bypoll | We were only waiting for party colleagues in front of BJP office: Jayakumar,positive,other
1720775637-367,https://www.thehindu.com/archive/web/2023/01/22/,Jan,Hyderabad,"Ahead of Formula E championship, 26 race cars to arrive in Hyderabad",positive,other
1720775637-368,https://www.thehindu.com/archive/web/2023/01/22/,Jan,Coimbatore,Dravidian parties cannot give corruption-free governance: Tamilaruvi Manian,negative,other
1720775637-369,https://www.thehindu.com/archive/web/2023/01/22/,Jan,Tamil Nadu,"Tamil Nadu emblem, name reappear in Raj Bhavan’s invite",positive,other
1720775637-370,https://www.thehindu.com/archive/web/2023/01/22/,Jan,Tamil Nadu,"Stalin condoles deaths in jallikattu-related incidents, announces solatium",negative,other
1720775637-371,https://www.thehindu.com/archive/web/2023/01/22/,Jan,Tamil Nadu,Tamil Nadu had outstanding liabilities of ₹4.73 lakh crore from bonds as of March 2022,positive,other
1720775637-372,https://www.thehindu.com/archive/web/2023/01/22/,Jan,Tamil Nadu,Erode East bypoll | BJP open to fielding a candidate or lending its symbol,positive,other
1720775637-373,https://www.thehindu.com/archive/web/2023/01/22/,Jan,Kerala,"Amid illness, death and ageing inhabitants, City zoo faces animal exchange woes",negative,other
1720775637-374,https://www.thehindu.com/archive/web/2023/01/22/,Jan,Mangaluru,Congress firm on implementing all its assurances: D.K. Shivakumar,positive,political
1720775637-375,https://www.thehindu.com/archive/web/2023/01/22/,Jan,Economy,"Exim data revised, trade deficit narrows by $10 billion",positive,political
1720775637-376,https://www.thehindu.com/archive/web/2023/01/22/,Jan,Bengaluru,"Bengaluru City University slashes remuneration for guest faculty members by nearly 40%, draws ire",negative,other
1720775637-377,https://www.thehindu.com/archive/web/2023/01/22/,Jan,Tamil Nadu,NET syllabus may be taken for faculty recruitment exam: DCE,positive,other
1720775637-378,https://www.thehindu.com/archive/web/2023/01/22/,Jan,Chennai,BJP functionary arrested for posting abusive video on social media,negative,criminal
1720775637-379,https://www.thehindu.com/archive/web/2023/01/22/,Jan,Puducherry,A music and light show to mark Franco-German friendship,positive,other
1720775637-380,https://www.thehindu.com/archive/web/2023/01/22/,Jan,Puducherry,AIADMK wants to drop the pre-paid smart meter reading in Puducherry,positive,other
1720775637-381,https://www.thehindu.com/archive/web/2023/01/22/,Jan,Bengaluru,Flight plan for Aero India unveiled,positive,other
1720775637-382,https://www.thehindu.com/archive/web/2023/01/22/,Jan,India,President Murmu to confer PM’s national award for children,positive,other
1720775637-383,https://www.thehindu.com/archive/web/2023/01/22/,Jan,Mangaluru,"Investors not interested in coastal Karnataka as BJP has sown the seeds of communalism, says D.K. Shivakumar",negative,other
1720775637-384,https://www.thehindu.com/archive/web/2023/01/22/,Jan,Visakhapatnam,Minor girl ‘attacks’ father with a knife in Visakhapatnam,negative,other
1720775637-385,https://www.thehindu.com/archive/web/2023/01/22/,Jan,Kerala,Three arrested during special drive against drug trafficking,negative,criminal
1720775637-386,https://www.thehindu.com/archive/web/2023/01/22/,Jan,Kerala,"Govt. HSS, Aruvikkara, PTA builds houses for four students",positive,other
1720775637-387,https://www.thehindu.com/archive/web/2023/01/22/,Jan,Mangaluru,"Prajadhwani Yatra: Congress vows to make Mangaluru IT, garment hub",positive,political
1720775637-388,https://www.thehindu.com/archive/web/2023/01/22/,Jan,Environment,Former civil servants write to President on Great Nicobar island plan,positive,other
1720775637-389,https://www.thehindu.com/archive/web/2023/01/22/,Jan,Text and Context,You should use shank’s mare to go to the gym from now on,positive,other
1720775637-390,https://www.thehindu.com/archive/web/2023/01/22/,Jan,Bengaluru,Techie has narrow escape as metro site barricade falls on car,negative,technology
1720775637-391,https://www.thehindu.com/archive/web/2023/01/22/,Jan,Sport,Haaland scores fourth hat-trick for Manchester City in 3-0 win over Wolves,positive,other
1720775637-392,https://www.thehindu.com/archive/web/2023/01/22/,Jan,Sport,India women thrash Sri Lanka by 7 wickets in U-19 World Cup,positive,other
1720775637-393,https://www.thehindu.com/archive/web/2023/01/22/,Jan,Mangaluru,World Konkani Centre announces two new awards from this year,positive,other
1720775637-394,https://www.thehindu.com/archive/web/2023/01/22/,Jan,Chennai,Motorists want the service lane under Medavakkam flyover to be finished soon,positive,other
1720775637-395,https://www.thehindu.com/archive/web/2023/01/22/,Jan,Mangaluru,K. Balachandra Hebbar appointed CPCRI director,positive,other
1720775637-396,https://www.thehindu.com/archive/web/2023/01/22/,Jan,Kochi,"Ro-ro service to resume from Monday, says Kochi Corporation",positive,other
1720775637-397,https://www.thehindu.com/archive/web/2023/01/22/,Jan,Telangana,"Revanth: Congress will win 14 seats in combined Mahabubanagar, asks Dalits and Girijans to bust feudal attitude of BRS leaders",positive,political
1720775637-398,https://www.thehindu.com/archive/web/2023/01/22/,Jan,Telangana,People’s confidence in Modi rising: Vivek,positive,other
1720775637-399,https://www.thehindu.com/archive/web/2023/01/22/,Jan,Sport,"Iga Swiatek, Coco Gauff lose at Australian Open; Sebastian Korda in 1st Slam quarterfinal",positive,other
1720775637-400,https://www.thehindu.com/archive/web/2023/01/22/,Jan,India,Supreme Court notice on Kerala GST law permitting levy of tax under repealed VAT regime,positive,other
1720775642-401,https://www.thehindu.com/archive/web/2023/01/21/,Jan,Karnataka,Road rage,negative,other
1720775642-402,https://www.thehindu.com/archive/web/2023/01/21/,Jan,Tamil Nadu,"Chief Secretary holds meeting on jallikattu, gram sabhas",positive,other
1720775642-403,https://www.thehindu.com/archive/web/2023/01/21/,Jan,Tamil Nadu,"DMK Ministers, legislators donate one month’s salary
for Namma School Foundation scheme",positive,other
1720775642-404,https://www.thehindu.com/archive/web/2023/01/21/,Jan,Kerala,Four accomplices of notorious goon Om Prakash accused in Pattoor case surrender,negative,other
1720775642-405,https://www.thehindu.com/archive/web/2023/01/21/,Jan,Telangana,Solve issues of farmers of Timmapur village or face their wrath: Gudur,negative,other
1720775642-406,https://www.thehindu.com/archive/web/2023/01/21/,Jan,Karnataka,"10 lakh youth to get employment, says Union Minister Khuba",positive,other
1720775642-407,https://www.thehindu.com/archive/web/2023/01/21/,Jan,Karnataka,"Hubballi sky dotted with myriad colours, as two-day kite festival begins",positive,other
1720775642-408,https://www.thehindu.com/archive/web/2023/01/21/,Jan,Karnataka,IOCL to organise safety clinics on use of gas cylinders and stoves across northern Karnataka,positive,other
1720775642-409,https://www.thehindu.com/archive/web/2023/01/21/,Jan,Karnataka,Multiple events mark beginning of Ballari Utsav 2023,positive,other
1720775642-410,https://www.thehindu.com/archive/web/2023/01/21/,Jan,Kerala,Farmers’ leader Tikait to take up Plachimada relief issue,positive,other
1720775642-411,https://www.thehindu.com/archive/web/2023/01/21/,Jan,Cricket,"India's unbeaten run in Women's U-19 T20 World Cup ends, go down to Australia by 7 wickets",positive,other
1720775642-412,https://www.thehindu.com/archive/web/2023/01/21/,Jan,Mangaluru,Basti Vaman Shenoy Vishwa Konkani Seva Puraskar announced,positive,other
1720775642-413,https://www.thehindu.com/archive/web/2023/01/21/,Jan,Chennai,What residents of Valmiki Nagar have done for Nature,positive,other
1720775642-414,https://www.thehindu.com/archive/web/2023/01/21/,Jan,Karnataka,One-year executive PG programme in management at IIMB records 100% placement,positive,other
1720775642-415,https://www.thehindu.com/archive/web/2023/01/21/,Jan,Data,"The week in 5 charts | India’s financial assurance to Sri Lanka, Nepal plane crash, ASER 2022 and more",negative,other
1720775642-416,https://www.thehindu.com/archive/web/2023/01/21/,Jan,Kerala,"Artistic creations that reflect progressive political statements make Biennale remarkable, says Zoya Hasan",positive,other
1720775642-417,https://www.thehindu.com/archive/web/2023/01/21/,Jan,Chennai,Tuition eats into domestic budgets in Chennai’s slums,positive,other
1720775642-418,https://www.thehindu.com/archive/web/2023/01/21/,Jan,Madurai,Foundation stone for Cruz Fernandez memorial in Thoothukudi,positive,other
1720775642-419,https://www.thehindu.com/archive/web/2023/01/21/,Jan,Madurai,"Rajaji Children’s Park decries poor amenities, visitors demand better upkeep",negative,other
1720775642-420,https://www.thehindu.com/archive/web/2023/01/21/,Jan,Telangana,13th SHE shuttle service flagged off in Cyberabad,positive,other
1720775642-421,https://www.thehindu.com/archive/web/2023/01/21/,Jan,Telangana,Cars gutted in fire accident at Nampally,negative,other
1720775642-422,https://www.thehindu.com/archive/web/2023/01/21/,Jan,Mangaluru,Four more trains to run on AC traction on Konkan Railway network,positive,other
1720775642-423,https://www.thehindu.com/archive/web/2023/01/21/,Jan,Tamil Nadu,"Four faculty members to face severe punishment, de-promotion",negative,other
1720775642-424,https://www.thehindu.com/archive/web/2023/01/21/,Jan,India,"India’s legal landscape has undergone significant change, says CJI",positive,other
1720775642-425,https://www.thehindu.com/archive/web/2023/01/21/,Jan,Cricket,Australia T20 veteran Dan Christian to retire after ongoing BBL,positive,other
1720775642-426,https://www.thehindu.com/archive/web/2023/01/21/,Jan,Chennai,Taking baby steps towards a clean neighbourhood,positive,other
1720775642-427,https://www.thehindu.com/archive/web/2023/01/21/,Jan,Mangaluru,"Assurances of ₹2,000 to women, 200 units of free power will be implemented if Congress comes to power: Parameshwar",positive,political
1720775642-428,https://www.thehindu.com/archive/web/2023/01/21/,Jan,Chennai,Building momentum for the Swachh survey,positive,other
1720775642-429,https://www.thehindu.com/archive/web/2023/01/21/,Jan,Kerala,Woman commits suicide after son’s arrest,negative,criminal
1720775642-430,https://www.thehindu.com/archive/web/2023/01/21/,Jan,Telangana,Inorbit Durgam Cheruvu Run on Jan. 29,positive,other
1720775642-431,https://www.thehindu.com/archive/web/2023/01/21/,Jan,India,Employment days under Mahatma Gandhi National Employment Guarantee Scheme at a five-year low,positive,other
1720775642-432,https://www.thehindu.com/archive/web/2023/01/21/,Jan,Karnataka,NIA files chargesheet against 20 in Praveen Nettaru murder case,negative,criminal
1720775642-433,https://www.thehindu.com/archive/web/2023/01/21/,Jan,Coimbatore,New DCP for Tiruppur North takes charge,positive,other
1720775642-434,https://www.thehindu.com/archive/web/2023/01/21/,Jan,Mangaluru,"Cliff, scuba diving, slack lining introduced at St. Mary’s island near Udupi",positive,other
1720775642-435,https://www.thehindu.com/archive/web/2023/01/21/,Jan,Kerala,A rice-loving wild elephant that raids ration shops drives residents of Kerala village up the wall,negative,other
1720775642-436,https://www.thehindu.com/archive/web/2023/01/21/,Jan,India,"Congress releases a ‘charge sheet’ against the Narendra Modi government, calls BJP the Bhrasht Jumla Party",negative,political
1720775642-437,https://www.thehindu.com/archive/web/2023/01/21/,Jan,Karnataka,Use of crane to support metro reinforcement cage could have avoided collapse of structure: IISc expert,negative,other
1720775642-438,https://www.thehindu.com/archive/web/2023/01/21/,Jan,Mangaluru,Rejuvenated Gangana Palla inside Kadri Park set for inauguration on Monday,positive,other
1720775642-439,https://www.thehindu.com/archive/web/2023/01/21/,Jan,Kerala,Panel set up to devise policy for Thiruvananthapuram zoo management,positive,political
1720775642-440,https://www.thehindu.com/archive/web/2023/01/21/,Jan,Kerala,"Govt. figures on job creation fake, says Satheesan",positive,other
1720775646-441,https://www.thehindu.com/archive/web/2023/01/20/,Jan,Kerala,Book on George the tiger released,positive,other
1720775646-442,https://www.thehindu.com/archive/web/2023/01/20/,Jan,Sport,‘It’s about time… India needs another Vishy Anand’,positive,other
1720775646-443,https://www.thehindu.com/archive/web/2023/01/20/,Jan,Mangaluru,MIA commissions automated parking system to ensure seamless entry and exit of vehicles,positive,other
1720775646-444,https://www.thehindu.com/archive/web/2023/01/20/,Jan,Karnataka,State requires an outlook report to remove uncertainty in agriculture: CM,positive,other
1720775646-445,https://www.thehindu.com/archive/web/2023/01/20/,Jan,Football,The inspirational Napoli sharpshooter coveted by England’s heavy-hitters,positive,other
1720775646-446,https://www.thehindu.com/archive/web/2023/01/20/,Jan,Visakhapatnam,"Entrepreneurs should contribute to nation building, says Cyient founder in Visakhapatnam",positive,other
1720775646-447,https://www.thehindu.com/archive/web/2023/01/20/,Jan,Tamil Nadu,Ramadoss announces a tour from Chennai to Madurai to raise consciousness about use of Tamil language,positive,other
1720775646-448,https://www.thehindu.com/archive/web/2023/01/20/,Jan,Visakhapatnam,Rozgar Mela: Union Minister gives appointment letters to candidates in Visakhapatnam,positive,other
1720775646-449,https://www.thehindu.com/archive/web/2023/01/20/,Jan,Tamil Nadu,Child Rights Watch writes to TN CM,positive,other
1720775646-450,https://www.thehindu.com/archive/web/2023/01/20/,Jan,Visakhapatnam,Visakhapatnam: Walkathon held to mark the 20th death anniversary of Alwar Das,positive,other
1720775646-451,https://www.thehindu.com/archive/web/2023/01/20/,Jan,Visakhapatnam,Visakhapatnam: Brain dead woman gives new lease of life to others,negative,other
1720775646-452,https://www.thehindu.com/archive/web/2023/01/20/,Jan,Kerala,Ernakulam soars in waterbird count,positive,other
1720775646-453,https://www.thehindu.com/archive/web/2023/01/20/,Jan,Kerala,Major tourism plan on the anvil for Varkala beach,positive,other
1720775646-454,https://www.thehindu.com/archive/web/2023/01/20/,Jan,Visakhapatnam,"Visakhapatnam: GVMC served notices against around 200 unauthorised constructions in the last three weeks, says Commissioner",negative,other
1720775646-455,https://www.thehindu.com/archive/web/2023/01/20/,Jan,Other Sports,PT Usha promises justice as IOA forms committee to probe allegations against WFI president,negative,other
1720775646-456,https://www.thehindu.com/archive/web/2023/01/20/,Jan,Andhra Pradesh,Viral video of Tirumala temple is fake: TTD CVSO,negative,other
1720775646-457,https://www.thehindu.com/archive/web/2023/01/20/,Jan,Kerala,BSNL cooperative society scam: court to pronounce verdict on anticipatory bail plea on Saturday,negative,other
1720775646-458,https://www.thehindu.com/archive/web/2023/01/20/,Jan,Mangaluru,Everyone has the responsibility to handover a developed Udupi district to the next generation: Jayaprakash Hegde,positive,other
1720775646-459,https://www.thehindu.com/archive/web/2023/01/20/,Jan,Andhra Pradesh,ANU Professors invited for UN conference in May,positive,other
1720775646-460,https://www.thehindu.com/archive/web/2023/01/20/,Jan,Coimbatore,Man gets life term for murder in Tiruppur,negative,criminal
1720775646-461,https://www.thehindu.com/archive/web/2023/01/20/,Jan,India,Congress reinvigorates Article 370 debate on Day 2 of Bharat Jodo Yatra in Jammu and Kashmir,positive,political
1720775646-462,https://www.thehindu.com/archive/web/2023/01/20/,Jan,India,"India, Egypt to hold dialogue on defence ties during President Abdel Fattah El-Sisi’s visit",positive,other
1720775646-463,https://www.thehindu.com/archive/web/2023/01/20/,Jan,Tamil Nadu,"Abhishek Raghuram, G.J.R. Krishnan feted at PSBB",positive,other
1720775646-464,https://www.thehindu.com/archive/web/2023/01/20/,Jan,Kerala,CM to inaugurate super-speciality block at Alappuzha MCH today,positive,other
1720775646-465,https://www.thehindu.com/archive/web/2023/01/20/,Jan,Mangaluru,All India Sports Meet begins at NIT-K,positive,other
1720775646-466,https://www.thehindu.com/archive/web/2023/01/20/,Jan,India,"Wrestling Federation must be dissolved, says the Congress",positive,political
1720775646-467,https://www.thehindu.com/archive/web/2023/01/20/,Jan,Karnataka,Woman drives with man on bonnet of her car for nearly 3 km; five arrested for road rage,negative,criminal
1720775646-468,https://www.thehindu.com/archive/web/2023/01/20/,Jan,Andhra Pradesh,"33,773 candidates to appear for preliminary test for police constable recruitment in NTR District",positive,other
1720775646-469,https://www.thehindu.com/archive/web/2023/01/20/,Jan,Mangaluru,Sixth day and night Mangaluru Kambala on Sunday,positive,other
1720775646-470,https://www.thehindu.com/archive/web/2023/01/20/,Jan,Vijayawada,Officials review arrangements for Republic Day celebrations at IGMC stadium in Vijayawada,positive,other
1720775646-471,https://www.thehindu.com/archive/web/2023/01/20/,Jan,India,Political support ‘essential’ to make Big Tech pay news publishers: French news association head,positive,technology
1720775646-472,https://www.thehindu.com/archive/web/2023/01/20/,Jan,Mangaluru,"Projects worth ₹2,793 crore implemented and under execution in Udupi Assembly constituency",positive,other
1720775646-473,https://www.thehindu.com/archive/web/2023/01/20/,Jan,Health,"India can lead efforts to find new TB vaccine, says WHO’s former chief scientist Soumya Swaminathan",positive,other
1720775646-474,https://www.thehindu.com/archive/web/2023/01/20/,Jan,Karnataka,"Human Rights Commission raids Seshadripuram police station, rescues one from illegal detention",negative,other
1720775646-475,https://www.thehindu.com/archive/web/2023/01/20/,Jan,Karnataka,Former city councillor arrested for assault on police officer,negative,criminal
1720775646-476,https://www.thehindu.com/archive/web/2023/01/20/,Jan,Telangana,Police identify deceased in Venkatapur car burning case,negative,other
1720775646-477,https://www.thehindu.com/archive/web/2023/01/20/,Jan,World,France's Macron announces multi-year increase in defence spending,positive,other
1720775646-478,https://www.thehindu.com/archive/web/2023/01/20/,Jan,Telangana,History sheeter murdered in Punjagutta,negative,criminal
1720775646-479,https://www.thehindu.com/archive/web/2023/01/20/,Jan,World,Two attacks kill 18 in Burkina Faso: security sources,negative,other
1720775646-480,https://www.thehindu.com/archive/web/2023/01/20/,Jan,Tamil Nadu,"DMK raking up ‘Tamizhagam’ row to cover up its failures, says BJP",negative,other
1720775649-481,https://www.thehindu.com/archive/web/2023/01/19/,Jan,Kochi,"Priority projects to be identified in consultation with CM, says K. V. Thomas",positive,other
1720775649-482,https://www.thehindu.com/archive/web/2023/01/19/,Jan,Kochi,Energy Management Centre to commission energy audits in 10 plastic MSMEs in Ernakulam,positive,other
1720775649-483,https://www.thehindu.com/archive/web/2023/01/19/,Jan,Kozhikode,Three nabbed with MDMA in Kozhikode,negative,other
1720775649-484,https://www.thehindu.com/archive/web/2023/01/19/,Jan,Tennis,"Brooksby tops No. 2 Ruud; Jabeur out, too; Djokovic wins",positive,other
1720775649-485,https://www.thehindu.com/archive/web/2023/01/19/,Jan,Kochi,Surendran slams State government,negative,political
1720775649-486,https://www.thehindu.com/archive/web/2023/01/19/,Jan,Visakhapatnam,"Man, two daughters found dead in Visakhapatnam; police launch probe",negative,other
1720775649-487,https://www.thehindu.com/archive/web/2023/01/19/,Jan,Kerala,Muslim Jamaath’s Sunni ideology meet today,positive,other
1720775649-488,https://www.thehindu.com/archive/web/2023/01/19/,Jan,Kerala,SSLC exam registration begins,positive,other
1720775649-489,https://www.thehindu.com/archive/web/2023/01/19/,Jan,Kerala,Funding for PSU strengthening: Industries Minister holds discussions with banks,positive,other
1720775649-490,https://www.thehindu.com/archive/web/2023/01/19/,Jan,Kerala,IIITK inks MOU for research in quantum finance,positive,business
1720775649-491,https://www.thehindu.com/archive/web/2023/01/19/,Jan,Kerala,Revamp of Kerala State GST department completed,positive,other
1720775649-492,https://www.thehindu.com/archive/web/2023/01/19/,Jan,Telangana,"Microsoft plans three more data centres in Telangana with ₹16,000 cr.",positive,other
1720775649-493,https://www.thehindu.com/archive/web/2023/01/19/,Jan,Tamil Nadu,"Arts and literature are reasons Tamil, Tamil Nadu have lived through ages, says Stalin",positive,other
1720775649-494,https://www.thehindu.com/archive/web/2023/01/19/,Jan,World,The political flux in Pakistan,negative,other
1720775649-495,https://www.thehindu.com/archive/web/2023/01/19/,Jan,Other States,AAP should not run Punjab from Delhi by ‘remote control’: Rahul Gandhi,positive,other
1720775649-496,https://www.thehindu.com/archive/web/2023/01/19/,Jan,Tamil Nadu,"India’s export of spices growing, say experts",positive,other
1720775649-497,https://www.thehindu.com/archive/web/2023/01/19/,Jan,Kerala,Spine surgery for spinal muscular atrophy-affected children to be done at Thiruvananthapuram MCH,positive,other
1720775649-498,https://www.thehindu.com/archive/web/2023/01/19/,Jan,Business,Happiest Minds Tech Q3 net rises 17.7%,positive,technology
1720775649-499,https://www.thehindu.com/archive/web/2023/01/19/,Jan,Education,"COVID-19 did not force girls to exit schools early, says study",positive,health
1720775649-500,https://www.thehindu.com/archive/web/2023/01/19/,Jan,Andhra Pradesh,"IOCL will set up 200 more EV charging stations in A.P., says executive director",positive,other
